[
    {
        "id": 1,
        "name": "Denny Curtis",
        "title": "CEO",
        "img": "https://cdn.balkan.app/shared/2.jpg"
    },
    {
        "id": 2,
        "pid": 1,
        "name": "Amar Oulkar",
        "title": "Team Lead",
        "img": "https://media-exp1.licdn.com/dms/image/C5103AQHdunNF9K3vpg/profile-displayphoto-shrink_200_200/0/1516962252056?e=1640217600&v=beta&t=FXvLqM1Iuq0MmVQWotAKd_juu1ltjLk-Q8PK9VidjPw"
    },
    {
        "id": 3,
        "pid": 1,
        "name": "Caden Ellison",
        "title": "Dev Manager",
        "img": "https://cdn.balkan.app/shared/4.jpg"
    },
    {
        "id": 4,
        "pid": 2,
        "name": "Elliot Patel",
        "title": "Sales",
        "img": "https://cdn.balkan.app/shared/5.jpg"
    },
    {
        "id": 5,
        "pid": 2,
        "name": "Lynn Hussain",
        "title": "Sales",
        "img": "https://cdn.balkan.app/shared/6.jpg"
    },
    {
        "id": 6,
        "pid": 3,
        "name": "Tanner May",
        "title": "Developer",
        "img": "https://cdn.balkan.app/shared/7.jpg"
    },
    {
        "id": 7,
        "pid": 3,
        "name": "Fran Parsons",
        "title": "Developer",
        "img": "https://cdn.balkan.app/shared/8.jpg"
    }
]